,name,guiname,slider,description,flags,introduce,cancel,raise,lower,department,mincost,maxcost,cost multiplier,implementation,minincome,maxincome,incomemultiplier,,,,,,,,,,,,
#,AdultEducationSubsidies,Subsidios Educacao de Adultos,default,Subsidios de educacao de adultos sao uma forma de incentivar as pessoas a voltar a treinar e continuar a sua educacao depois que eles passaram a integrar a forca de trabalho. Isto inclui aulas noturnas e os recursos de ensino a distancia. Estes esquemas de contribuir para elevar o nivel geral de ensino da forca de trabalho.,,12,18,7,7,PUBLICSERVICES,160,300,,2,0,0,,#Effects,"Education,0.04+(0.04*x),4","WorkerProductivity,0.02+(0.02*x),4",,,,,,,,,
#,AgricultureSubsidies,Subsidios Agriculas,default,"Por razoes estrategicas, alguns governos estao dispostos a pagar os subsidios aos agricultores para garantir a seguranca do abastecimento alimentar da nacao. Isso vai contra a economia de livre inciativa e tambem pode ser muito caro, mas faz trabalhos de salvaguarda (e votos) nas comunidades agricolas.",,15,24,10,10,ECONOMY,120,2800,,4,0,0,,#Effects,"Capitalist,0.00-(0.08*x)","Unemployment,0.00-(0.17*x)","Farmers,0.10+(0.50*x)","Farmers_freq,0.02+(0.18*x),4","Farmers_income,0+(0.35*x)","Health,0-(0.04*x),4",,,,,
#,AirlineTax,Imposto de Companhia Aerea,tax,"Combustivel de companhias aereas geralmente nao tem sido objecto de tributacao. Partidarios de impostos sobre os combustiveis ar insistem que isso resulta em um subsidio injusto em uma forma ambientalmente destrutivo de transporte. As companhias aereas apontam que a tributacao do combustivel de aviao so vai incentiva-los a reabastecer em outros lugares, assim, desviar fundos da nossa economia.",,28,15,13,7,TAX,0,0,,1,115,7015,"AirTravel,0+(1.0*x)",#Effects,"Capitalist,0.00-(0.06*x)","Environmentalist,0.05+(0.10*x)","GDP,0.00-(0.05*x),2","AirTravel,0-(0.3*x),4","_MiddleIncome,0-(0.02*x)",,,,,,
#,AlcoholLaw,Lei do Alcool,alcohollaw,"Ha ampla evidencia de que o consumo excessivo de alcool pode levar a problemas de saude e ate mesmo a morte prematura. No entanto, algumas pessoas se opoem ao estado interferir no direito do individuo escolher o que beber. Ha tambem a complicacao de que o governo pode fazer um monte de dinheiro atraves de impostos sobre o alcool.",UNCANCELLABLE,21,12,13,9,LAWANDORDER,0,0,,1,0,0,,#Effects,"Liberal,0.20-(0.40*x)","AlcoholConsumption,0.5-(1.0*x),4",,"ViolentCrimeRate,0.05-(0.11*x)","Young,-0.2*(x^2)",,,,,,
#,AlcoholTax,Imposto de Alcool,tax,"Clinicamente ha um caso claro para o governo tributar o alcool, a fim de desencorajar o consumo por causa de seus efeitos negativos sobre a saude e as suas possiveis ligacoes com o colapso social. Por outro lado, aqueles que bebem socialmente veem o governo a beneficia-se de um tal imposto a ser hipocrita.",,30,9,9,4,TAX,0,0,,1,0,8050,"AlcoholConsumption,0+(1.0*x)",#Effects,"Poor,0-(0.2*x)","PovertyRate,0+(0.2*x)","Equality,0-(0.1*x)","AlcoholConsumption,0-(0.4*x),2",,,,,,,
#,ArmedPolice,Policia Armada,armedpolice,Policiais Armados podem ser uma estrategia eficaz para dissuadir o crime e manter a ordem. Os opositores argumentam que ela encoraja os criminosos a usar armas de fogo em uma corrida armamentista penal. Os criticos tambem temem que armar a policia vai afasta-los dos cidadaos cumpridores da lei.,,50,48,10,19,LAWANDORDER,300,960,,3,0,0,,#Effects,"Liberal,-0.05-(0.25*x)","CrimeRate,-0.10-(0.10*x)","ViolentCrimeRate,0.00-(0.20*x)",,"_security_,(0.025+0.035*x)",,,,,,
#,BanSundayShopping,Proibir Compras aos Domingos,default,"A religiao crista em geral, reconhece a 'Sabbath' como um dia de descanso e muitas pessoas religiosas acreditam que nao deve haver compras realizadas no mesmo dia. Alguns sindicatos tambem acreditam que um dia de descanso forcado impede seus membros a ser explorado.",,36,21,15,10,ECONOMY,0,0,,1,0,0,,#Effects,"Religious,0.12+(0*x)","Liberal,-0.08+(0*x)","GDP,-0.02+(0*x)","TradeUnionist,0.06+(0*x)",,,,,,,
#,BiofuelSubsidies,Subsidios Biocombustivel,default,"Os biocombustiveis podem reduzir a demanda de petroleo, atraves da mistura de etanol derivado do milho com o combustivel petro-quimico. Isso geralmente e popular entre os ambientalistas. Os agricultores que ganham dinheiro produzindo milho para o uso de biocombustiveis tambem se beneficiam. Biocombustiveis com uma mistura maior de etanol pode ser subsidiado atraves de incentivos fiscais.",,10,16,7,8,TRANSPORT,5,700,"CarUsage,0+(1.0*x)",2,0,0,,#Effects,"OilDemand,0-(0.12*x),8","Environmentalist,0.02+(0.06*x)","Farmers,0.05+(0.10*x),4","Motorist,0.02+(0.02*x)","Farmers_freq,0.02+(0.05*x),4","Farmers_income,0+(0.09*x)",,,,,
#,BorderControls,Controle de Fronteira,bordercontrols,"Sem algum tipo de controle alfandegario nas fronteiras, o seu pais esta aberto para o problema da imigracao ilegal em massa. Algumas pessoas argumentam que esses imigrantes causam crime, outros que eles tiram o emprego dos seus proprios cidadaos. Os controles nas fronteiras podem ser eficazes na reducao da imigracao ilegal.",UNCANCELLABLE,25,25,18,13,FOREIGNPOLICY,10,280,,1,0,0,,#Effects,"Patriot,0+(0.30*x)","Liberal,0-(0.225*x)","Immigration,0-(0.8*x),2","_Terrorism,0-(0.1*x)","EthnicMinorities,0.00-(0.42*x)",,,,,,
#,BusLanes,Linhas de Onibus,default,"Deixando de lado as pistas especificas de uma estrada para uso somente por onibus (e talvez taxis e motos) e uma forma de obter o trafego que flui mais rapido e evitar o congestionamento. Ele tambem reduz o tempo de viagem para o transporte publico e, portanto, incentiva o uso. Existem custos visiveis envolvidos na criacao de tais regimes, e os motoristas podem ficar irritados se os corredores de onibus parecem vazias, enquanto eles permanecem presos no transito.",,10,10,7,4,TRANSPORT,100,220,,2,0,0,,#Effects,"Commuter,0.05+(0.17*x)","Motorist,0.00-(0.25*x)","BusUsage,0.05+(0.2*x),2",,,,,,,,
#,BusSubsidies,Subsidio Onibus,default,"O congestionamento do trafego e a poluicao podem ser reduzidos por incentivo as pessoas a viajarem de onibus ao inves de carro. Pode ser uma opcao cara, porem, e alguns motoristas pode ressentir-se de um sistema de transporte que eles nao usam sendo subsidiado.",,10,18,7,7,TRANSPORT,125,1552,,6,0,0,,#Effects,"Commuter,0.10+(0.34*x)","Motorist,0.00-(0.15*x)","BusUsage,0.00+(0.32*x),2","_LowIncome,0+(0.07*x)","Commuter_income,0+(0.07*x)","Commuter_freq,0+(0.12*x),4","Capitalist,-0-(0.06*x)",,,,
#,CarbonTax,Imposto de Carbono,tax,"Um imposto sobre o carbono e um imposto que incide sobre todas as emissoes de dioxido de carbono, que se pensa ser a principal causa da mudanca climatica. O imposto e efetivamente um imposto sobre a poluicao, e uma maneira de fazer as pessoas e industrias que contribuem para a mudanca climatica pagar pelo dano que causam ou para reduzir as emissoes. Obviamente, o imposto e popular entre os ambientalistas, e tambem pode levar a uma economia mais eficiente da energia.",,39,21,12,8,TAX,0,0,,2,1150,31510,"CO2Emissions,0.5+(1.0*x)",#Effects,"CO2Emissions,0-(0.5*x),8","GDP,0-(0.1*x),4","Environmentalist,0.1+(0.1*x)","EnergyEfficiency,0+(0.25*x),8","_All_,0-(0.25*x)","AirTravel,0-(0.28*x),2","Capitalist,0.02-(0.11*x)",,,,
#,CarEmmissionsLimits,Limites de Emissao de Carros,default,"Estabelecer limites legais sobre os gases de escapamentos ajuda a reduzir a poluicao do ar, especialmente nas cidades, mas e impopular entre os motoristas que olham para ele como ainda mais burocracia e impostos.",,13,18,6,4,TRANSPORT,0,80,,5,0,0,,#Effects,"Motorist,0-(0.1*x)","Environmentalist,0.07+(0.10*x)","Environment,0+(0.23*x),16","CarUsage,-0.01-(0.02*x),4","CO2Emissions,-0.02-(0.08*x),16","Motorist_income,0-(0.06*x)",,,,,
#,CarTax,IPVA,default,"Tributar a propriedade de todos os veiculos a motor e uma maneira de convencer as pessoas a usar formas alternativas de transporte. Pode-se argumentar no entanto, que esse sistema aumenta os custos fixos de propriedade dos veiculos, incentivando as pessoas a usar um carro mais uma vez que tenham se dado ao trabalho de tributa-lo. Ha tambem o argumento de que este e um imposto que atinge injustamente os pobres e as pessoas em comunidades rurais onde um carro e uma necessidade.",MULTIPLYINCOME,38,18,18,7,TAX,0,0,,1,115,7435.9,"CarUsage,0+(1.0*x);TaxEvasion,1.0-(0.2*x)",#Effects,"CarUsage,0.00-(0.14*x),6","_MiddleIncome,0-(0.05*x)","Motorist,-0.05-(0.15*x)","Environmentalist,0.05+(0.05*x)","Motorist_freq,-0.1-(0.2*x)","Motorist_income,0-(0.08*x)","Farmers,-0.03-(0.03*x)",,,,
#,CCTVCameras,Cameras CCTV,cctv,"Cameras de CCTV pode ser uma grande ajuda na captura de criminosos e cameras tambem deter o crime. Os custos de instalacao sao extremamente elevados, e ha preocupacoes sobre os direitos civis de pessoas que nao gostam de sentir que o governo esta constantemente a observa-los.",,28,28,9,7,LAWANDORDER,400,720,,2,0,0,,#Effects,"Liberal,-0.075-(0.135*x)","CrimeRate,-0.05-(0.15*x),4","ViolentCrimeRate,-0.10-(0.20*x),3","Conservatives,0.10+(0.14*x)","_security_,(0.025+0.038*x)",,,,,,
#,ChildBenefit,Beneficio Crianca,default,"Um pagamento fixo feito pelo Estado diretamente para os pais para ajudar no custo da educacao dos filhos. Popular com os pais, por razoes obvias, e os pobres que o veem como um imposto redistributivo, mas os capitalistas opoem-se a um nivel tao desnecessario de interferencia por parte do governo.",,18,22,9,10,WELFARE,400,4320,,2,0,0,,#Effects,"Capitalist,-0.05-(0.02*x)","Poor,0.05+(0.04*x)","Equality,0.1+(0.2*x)","Parents,0+(0.23*x)","Liberal,0.05+(0.12*x)","Parents_freq,0.025+(0.05*x),2","_LowIncome,0+(0.07*x)","Parents_income,0+(0.05*x)",,,
#,ChildcareProvision,Provisao de Cuidado de Criancas,default,"Ao dar subsidios estatais de acolhimento de criancas, podemos garantir que mais pais possam voltar ao mercado de trabalho depois de ter filhos, e, portanto, beneficiar a economia. Embora isso possa ser caro, e tambem e uma distorcao do mercado, e popular com os pais.",,16,21,7,10,WELFARE,400,5020,"GDP,0.4+(0.6*x)",1,0,0,,#Effects,"Parents,0.05+(0.06*x)","Capitalist,-0.03-(0.02*x)","WorkerProductivity,0.02+(0.08*x),2","Parents_freq,0.025+(0.045*x),2","Parents_income,0+(0.03*x)","Unemployment,-0.01-(0.11*x)",,,,,
#,CitizenshipTests,Teste de Cidadania,default,"Testes de Cidadania sao uma forma de garantir que as pessoas que migram para o nosso pais demonstrem uma compreensao da nossa cultura e historia. Isso diminui as chances de um choque de culturas para os recem-chegados ao pais, estimula a integracao e tranquiliza membros patrioticas da sociedade que eles nao precisam temer a imigracao.",,25,25,7,4,FOREIGNPOLICY,10,50,"Immigration,0+(1.0*x)",2,0,0,,#Effects,"Patriot,0.1+(0.16*x)","RacialTension,-0.1-(0.22*x),6","Patriot_freq,0.02+(0.04*x),4","Immigration,-0.05-(0.1*x)","Liberal,-0.02-(0.03*x)","EthnicMinorities,-0.02-(0.03*x)",,,,,
#,CleanEnergySubsidies,Subsidios Energia Limpa,default,"A energia renovavel nao pode ser ultra-eficiente ainda, mas ha um argumento para investir pesadamente em agora de modo a preparar estrategicamente nosso pais para um futuro sem combustiveis fosseis. Ambientalistas estao felizes por razoes obvias, mas os capitalistas ve-lo como uma distorcao indesejavel do mercado de energia.",,2,13,1,7,ECONOMY,590,1560,"GDP,0.2+(0.8*x)",8,0,0,,#Effects,"Environmentalist,0.05+(0.11*x)","Capitalist,-0.02-(0.05*x)","Environment,0.1+(0.14*x),8","EnergyEfficiency,0.01+(0.25*x),4","CO2Emissions,-0.02-(0.13*x),12",,,,,,
#,CleanFuelSubsidy,Subsidios Combustivel Limpo,default,"Um subsidio para combustiveis mais limpos, como combustivel Baixo Nivel de Enxofre, em um esforco para reduzir o impacto ambiental do automobilismo. O subsidio ira reduzir os custos de conversores cataliticos de montagem para carros mais velhos, e dar um incentivo na bomba para escolher combustiveis menos prejudiciais.",,14,18,6,7,TRANSPORT,120,320,"CarUsage,0+(1.0*x)",1,0,0,,#Effects,"Environment,0.00+(0.07*x),4","Environmentalist,0.04+(0.10*x)","Motorist,0.02+(0.02*x)","Motorist_income,0.02+(0.08*x)",,,,,,,
#,CommunityPolicing,Policia Comunitaria,default,"Trabalhar com a comunidade ao inves de tentar controla-lo. O policiamento comunitario encoraja a policia para entender melhor as necessidades da comunidade local, especialmente em areas com minorias etnicas. Os criticos veem como um desperdicio caro de dinheiro que poderia ser gasto em metodos mais diretos para cortar crime.",,1,6,0,2,LAWANDORDER,100,639,,5,0,0,,#Effects,"Liberal,0.05+(0.05*x)","CrimeRate,-0.02-(0.05*x),4","ViolentCrimeRate,-0.02-(0.03*x),4","RacialTension,0-(0.08*x),4","_global_liberalism,0+(0.1*x),8",,,,,,
#,ConsumerRights,Direitos do Consumidor,consumerrights,"A um nivel minimo, o estado garante que o consumidor nao esta totalmente explorado, na outra extremidade do espectro, a legislacao draconianas pode beneficiar o consumidor, em detrimento da actividade. As empresas queixam-se frequentemente a quantidade de legislacao que rege a venda para o publico.",,14,20,10,7,ECONOMY,5,8,,1,0,0,,#Effects,"Capitalist,0.00-(0.06*x)","SelfEmployed,0.00-(0.10*x)","Liberal,0.00+(0.15*x)","GDP,-0.04*(x^4)","SelfEmployed,-0.02-(0.04*x)",,,,,,
#,CorporationTax,Imposto Corporativo,corptax,"Um imposto direto e proporcional sobre os lucros das empresas. Alguns argumentam que esta deve ser a unica forma de tributacao, outros que tais impostos sufocam o empreendedorismo e desencorajam as pessoas de iniciar um negocio. Muitas vezes, e uma das principais maneiras que o governo traz em dinheiro.",MULTIPLYINCOME,30,30,19,10,TAX,0,0,,1,575,30638.3,"GDP,0.5+(0.5*x);TaxEvasion,1.0-(0.2*x)",#Effects,"Socialist,0+(0.22*x)","Capitalist,-0.03-(0.23*x)","Wealthy,0-(0.2*x)","SelfEmployed,0-(0.12*x)","GDP,-0.27*(x^5),6","_HighIncome,0-(0.07*x)","_global_socialism,0+(0.02*x)","SelfEmployed_income,0-(0.1*x)",,,
#,Creationism,Criacionismo vs. Evolucao,creationism,"A batalha amarga se desencadeou sobre a maneira como as criancas sao ensinadas evolucao versus criacionismo. Os cientistas e os liberais consideram obvio que a evolucao baseada em evidencias deve ser ensinado nas aulas de ciencias. Alguns grupos religiosos acham que e errado ensinar a evolucao ou darwinismo como fato, quando se permanece uma teoria nao comprovada ou que o criacionismo deveria ser ensinado como uma teoria alternativa na ciencia. O governo tem que decidir o que e ensinado em nossas escolas.",UNCANCELLABLE,40,40,30,21,PUBLICSERVICES,0,0,,1,0,0,,#Effects,"Religious,0.3-(0.6*x)","Liberal,-0.35+(0.6*x)","Religious_freq,0.35-(x*0.7),30","_global_liberalism,-0.08+(0.16*x),16",,,,,,,
#,Curfews,Toque de Recolher,curfews,"Introduzido por um curto periodo de tempo em estado de emergencia nacional. Estes podem ser uma forma eficaz de combater o crime ao custo de muita liberdade pessoal. Muitas vezes, porem, o que limita a capacidade dos cidadaos pacificos que deixar suas casas durante a noite pode ser um sinal de degeneracao de um pais para o autoritarismo grave.",,50,13,36,6,LAWANDORDER,80,200,,1,0,0,,#Effects,"CrimeRate,-0.05-(0.15*x)","ViolentCrimeRate,-0.05-(0.15*x)","_All_,-0.05-(0.2*x)","Liberal,-0.1-(0.25*x)","_Terrorism,-0.1-(0.3*x)","_security_,0.12+(0.11*x)","GDP,-0.08*(x^4)",,,,
#,DeathPenalty,Pena de Morte,deathpenalty,"A pena de morte e a punicao final para crimes graves. Os adversarios estao preocupados com a possibilidade de matar a pessoa errada, e sugerem que apenas um estado barbaro tem a pena de morte. Os defensores apontam que ele absolutamente nao garante a reincidencia, e atua como um impedimento para o crime serio.",,50,54,44,21,LAWANDORDER,0,0,,3,0,0,,#Effects,"Patriot,0.10+(0.02*x)","Liberal,-0.10-(0.05*x)","ViolentCrimeRate,-0.05-(0.10*x),4","_global_liberalism,-0.04-(0.04*x),8","Conservatives,0.20+(0.14*x)",,,,,,
#,DetentionWithoutTrial,Detencao Sem Julgamento,detention,"Detencao sem julgamento permite que a policia e servicos de seguranca para deter suspeitos quando eles nao tem provas suficientes (ou nao pode revelar evidencia sensivel) para condenar suspeitos. Isso pode ser justificado em nome da prevencao do terrorismo, mas os liberais temem que este viole os direitos humanos.",,50,16,36,19,LAWANDORDER,2,2,,1,0,0,,#Effects,"Patriot,0.1+(0.1*x)","Liberal,-0.15-(0.1*x)","_Terrorism,-0.1-(0.1*x)","_security_,(0.05+0.05*x)","ForeignRelations,0-(0.10*x)",,,,,,
#,DisabilityBenefit,Beneficio por Imcapacidade,default,Um pagamento direto do Estado para as pessoas com deficiencia a fim de permitir o fato de que eles sao possivelmente incapaz ou precisar de assistencia para o trabalho. Alem disso muitas pessoas com deficiencia tem necessidades especiais em termos de transporte ou habitacao.,,9,19,4,7,WELFARE,50,420,,1,0,0,,#Effects,"Capitalist,-0.04-(0.05*x)","Equality,0.05+(0.05*x),3","Retired,0.02+(0.02*x)",,,,,,,,
#,FaithSchoolSubsidies,Subsidios Escolas Religiosas,default,As escolas religiosas pode conseguir bons padroes academicos. Seus apoiadores fazer um caso que o governo deveria subsidiar metodos de educacao que se provou ser eficaz. Os criticos dizem que a religiao nao tem lugar na educacao e que o governo nao pode ser visto como instigadora de uma religiao em particular sobre as criancas.,,50,36,28,21,PUBLICSERVICES,180,1160,,1,0,0,,#Effects,"Religious,0.13+(0.10*x)","Education,0.04+(0.04*x)","Religious_freq,0.02+(0.35*x),30","RacialTension,0.1+(0.17*x)","Religious_income,0+(0.08*x)",,,,,,
#,ForeignAid,Ajuda Externa,default,"Alguns paises estrangeiros tem economias muito pobres, a baixa escolaridade ou falta de alimentos, e pode-se argumentar que os paises relativamente ricos como o nosso tem a obrigacao moral de ajuda-los. Outros podem argumentar que a primeira prioridade de qualquer nacao e aos seus proprios cidadaos, e se os cidadaos quiserem ajudar, podem faze-lo individualmente, atraves de instituicoes de caridade.",,14,16,7,7,FOREIGNPOLICY,200,2490,,2,0,0,,#Effects,"Socialist,0.02+(0.06*x)","Patriot,-0.02-(0.28*x)","Liberal,0+0.10*x)","ForeignRelations,0+(0.6*x),4","EthnicMinorities,0.02+(0.20*x)",,,,,,
#,FreeBusPasses,Passagens de Onibus Gratuitas,default,"Tradicionalmente, a viagem de onibus gratuito e oferecido como uma concessao aos cidadaos aposentados. Isto pode ser caro, mas e uma otima maneira de reduzir o uso de automoveis e, assim, reduzir a poluicao e os congestionamentos. Alguns se opoem a uma tal distorcao do mercado, no entanto.", ,13,19,3,8,TRANSPORT,220,800,,2,0,0,,#Effects,"Retired,0.01+(0.08*x)","BusUsage,0.05+(0.15*x),4","_LowIncome,0.01+(0.04*x)","Retired_income,0+(0.05*x)",,,,,,,
#,FreeEyeTests,Testes Gratis de Visao,default,"Exames oftalmologicos detectam os problemas mais cedo e aconselham as pessoas com deficiencia visual que precisam de oculos. Fazer seus teste oftalmologicos em particular pode ser caro, e e um luxo que muitas pessoas so fazem quando precisam. Os socialistas acreditam que o fornecimento universal de exames oftalmologicos gratuitos sao essenciais no fornecimento de uma rede de seguranca saude para todos.",,8,15,6,7,PUBLICSERVICES,200,240,,1,0,0,,#Effects,"Poor,0.05+(0.05*x)","Capitalist,0-(0.05*x)","Wealthy,0.00-(0.10*x)","Socialist,0.01+(0.03*x)","PovertyRate,-0.03-(0.03*x),4","_LowIncome,0.05+(0.05*x)","Retired,0.02+(0.04*x)","Health,0.01+(0.02*x),16",,,
#,FreeSchoolMeals,Refeicoes Escolares Gratis,default,"Nao sao apenas as refeicoes escolares gratuitas uma forma de redistribuicao da riqueza, garantindo que todos podem dar ao luxo de alimentar seus filhos, mas tambem uma forma de garantir que as criancas comem de forma saudavel, em vez de sobreviver puramente de porcaria. ",,10,18,3,4,PUBLICSERVICES,210,320,,1,0,0,,#Effects,"Poor,0.00+(0.05*x)","Health,0.00+(0.09*x),16","Socialist,0.01+(0.03*x)","PovertyRate,-0.05-(0.11*x)","Parents,0.01+(0.03*x)","Parents_freq,0.01+(0.02*x)","_LowIncome,0+(0.05*x)","Obesity,0-(0.06*x),16",,,
#,Gambling,Apostando,gambling,"Para alguns, o jogo e um pecado que leva a pobreza e desastre, mas outros acreditam que algum jogo social e uma diversao inofensiva, que tambem pode ser tributado bem pelo governo como uma forma adicional de receita. Alem disso, incentiva o turismo e cria empregos.",,27,32,19,14,LAWANDORDER,0,0,,3,0,0,,#Effects,"Liberal,0.00+(0.08*x)","Religious,0.00-(0.15*x)","GDP,0.00+(0.04*x),6","Unemployment,0.00-(0.03*x),4","Capitalist,0.01+(0.04*x)",,,,,,
#,GatedCommunities,Condominios Fechados,gatedcommunities,"A solucao drastica para o crime de rua grave e o vandalismo, os condominios fechados sao, basicamente, as areas residenciais de auto-policiada. Eles sao populares com os ricos, mas muitas vezes associada a divisao de classes e da desigualdade, ja que apenas os relativamente ricos podem dar ao luxo de viver dentro deles. Como resultado, alguns governos estao relutantes em permitir a sua construcao.",,13,14,7,4,LAWANDORDER,0,0,,12,0,0,,#Effects,"CrimeRate,0.00-(0.07*x)","Conservatives,0.00+(0.40*x)","Liberal,0.00-(0.11*x)","Equality,0.00-(0.11*x),8","_global_liberalism,-0.01-(0.09*x),12","Wealthy,0.00+(0.42*x)",,,,,
#,GraduateTax,Imposto de Graduacao,default,"Um imposto de graduacao e um imposto cobrado dedicado exclusivamente as pessoas formar na universidade, como uma forma de eles contribuindo para o custo da sua matricula na universidade. Os defensores dizem que isso e justo, porque nem todo mundo se beneficia de uma educacao universitaria. Os opositores argumentam que ele cria um desincentivo para estudar assuntos puramente academicas e as artes, bem como penalizar ambicao.",,24,2,10,0,TAX,2,2,,1,200,2600,,#Effects,"Young,-0.2-(0.1*x)","Capitalist,0.02+(0.01*x)","Socialist,-0.05-(0.02*x)","_MiddleIncome,0-(0.05*x)","Young_income,-0.01-(0.13*x)",,,,,,
#,HandgunLaws,Lei de Armas,gunlaws,"Alguns paises permitem a posse praticamente sem restricoes de qualquer tipo de arma de fogo, enquanto que em outros e estritamente controlada. Algumas pessoas falam do direito basico de defender a si mesmo, os outros estao preocupados que a posse de armas leva a arma do crime.",UNCANCELLABLE,50,45,40,34,LAWANDORDER,0,4,,1,0,0,,#Effects,"ViolentCrimeRate,0.20-(0.40*x),4","Liberal,0.00-(0.12*x)","Patriot,0.20-(0.40*x)","Parents,-0.15+(0.30*x)","_global_liberalism,0-(0.05*x),8",,,,,,
#,HybridCarsInitiative,Iniciativa de Carros Hibridos,default,"Os carros hibridos sao menos prejudiciais ao meio ambiente, pois em velocidades mais lentas que utilizam motores eletricos que nao produzem CO2. Eles tambem obter maior eficiencia de combustivel, reduzindo assim a demanda por petroleo. A desvantagem e que eles sao muito caros, mas os incentivos fiscais podem encorajar mais pessoas a comprar modelos hibridos quando chegam novos carros.",,9,14,4,6,TAX,5,200,"CarUsage,0+(1.0*x)",1,0,0,,#Effects,"OilDemand,-0.02-(0.12*x) *CarUsage,4","Environmentalist,0.02+(0.09*x)","Motorist,0.02+(0.02*x)","CarUsage,0.01+(0.02*x)","Environmentalist_income,0+(0.05*x)","Environment,0.02+(0.12*x)*CarUsage,4","Environmentalist_freq,0+(0.05*x),8",,,,
#,IDCards,Identidades,idcards,"Alguns dizem cartoes de identificacao agir como um poderoso dissuasor contra o terrorismo e outros crimes graves, mas os liberais argumentam que e uma violacao das liberdades civis de um individuo para o Estado a exigir que os cidadaos se identificam no local.",,50,25,39,20,LAWANDORDER,100,1200,,12,0,0,,#Effects,"Liberal,-0.15-(0.35*x)","CrimeRate,0.00-(0.14*x)","ViolentCrimeRate,0.00-(0.50*x)","Conservatives,0.10+(0.14*x)","_security_,0+(0.15*x)","Patriot,0.11+(0.07*x)",,,,,
#,ImportTarrifs,Tarifas de Importacao,default,"Importados baratos pode ser prejudicial para a economia, porque as empresas locais nao podem coincidir com os salarios mais baixos pagos pelos concorrentes estrangeiros. As tarifas de importacao ajudam a proteger os fabricantes locais de competicao injusta. Isso vai contra o Real economia de livre iniciativa, porem, e pode ser visto como sendo injusto com paises estrangeiros, possivelmente provocando retaliacao.",,13,13,7,7,FOREIGNPOLICY,0,0,,5,69,154.33, ,#Effects,"Capitalist,0.10-(0.10*x)","Unemployment,0.00-(0.10*x)","Patriot,0.10+(0.10*x)","ForeignRelations,0-(0.16*x)","InternationalTrade,-0.1-(0.35*x)",,,,,,
#,IncomeTax,Imposto de Renda,incometax,"Uma das maneiras mais populares para arrecadar dinheiro para o governo e um imposto direto sobre os lucros povos, retidos na fonte pelo empregador. O imposto de renda e geralmente um imposto progressivo (os ricos pagar mais como uma fracao de sua renda do que os pobres) e, por esta razao, e popular entre os socialistas e os baixos salarios.",MULTIPLYINCOME,43,13,30,7,TAX,0,0,,1,2300,123464,"GDP,0.5+(0.5*x);TaxEvasion,1.0-(0.2*x)",#Effects,"Socialist,0+(0.112*x)","Capitalist,0-(0.33*x)","Equality,0+(0.3*x),4","MiddleIncome,0-(1.07*x)","Wealthy,0-(x^11)","_LowIncome,0-(0.10*x)","_MiddleIncome,0-(0.14*x)","_HighIncome,0-(0.20*x)", ,,
#,FlatTax,Imposto de Renda Fixa,incometax,"Um imposto de renda fixa e um imposto que cada cidadao paga a mesma taxa marginal de imposto de renda, independentemente de sua renda total. Como resultado, o faxineiro do escritorio paga a mesma taxa que o CEO, embora conta total de impostos do CEO sera maior. Esta estrutura mais simples pode levar a esquiva menor e evasao. Nao e progressiva, e pode exacerbar a desigualdade de renda.",MULTIPLYINCOME,43,13,32,9,TAX,0,0,,1,2300,123464,"GDP,0.5+(0.5*x);TaxEvasion,1.0-(0.05*x)",#Effects,"Socialist,0-(0.25*x)","Capitalist,0-(0.12*x)","Equality,0-(0.3*x),4","MiddleIncome,0-(0.80*x)","Wealthy,-0.2*(x^11)","_LowIncome,0-(0.15*x)","_MiddleIncome,0-(0.14*x)","_HighIncome,0-(0.10*x)","Poor,0-(0.85*x)",,
#,CapitalGainsTax,Imposto sobre Ganho de Capital,capgains,"CGT e um imposto cobrado sobre os rendimentos nao-salariais, como os lucros do mercado de acoes e dividendos em acoes, e os lucros com a venda de propriedade ou outros ativos. Principalmente ela afeta os ricos proprietarios e de negocios, e vai levantar mais dinheiro se a economia esta crescendo. Porque tributa os lucros de investimentos, ele tambem atua como um ligeiro impedimento para o investimento e, assim, ser prejudicial para a economia.",MULTIPLYINCOME,13,9,7,7,TAX,0,0,,1,400,9022,"GDP,0.5+(0.5*x);TaxEvasion,1.0-(0.2*x)",#Effects,"Socialist,0+(0.1*x)","Capitalist,0-(0.12*x)","Equality,0+(0.09*x)","_HighIncome,0-(0.10*x)","SelfEmployed_freq,0-(0.05*x),4","SelfEmployed,0-(0.1*x)","GDP,-0.01-(0.02*x),4","SelfEmployed_income,0-(0.10*x)","_global_socialism,0.02+(0.04*x),12","Wealthy,0-(0.13*x)",
#,InheritanceTax,Imposto sobre Heranca,inheritancetax,"Um imposto pago sobre a riqueza de um individuo, uma vez que e passada para seus descendentes. Um imposto sobre heranca protege a igualdade, impedindo que as familias acumulando riqueza e vantagem ao longo das geracoes, por isso e popular com os socialistas e os pobres. No entanto, algumas pessoas se opoem fortemente a qualquer coisa que os impede de entregar a sua riqueza arduamente ganha, especialmente a sua casa, para seus filhos.",,48,19,25,10,TAX,0,0,,1,460,1683.6,,#Effects,"Wealthy,-0.1-(0.25*x)","Socialist,0+(0.2*x)","Equality,0.1+(0.3*x),24","Conservatives,0-(0.12*x)","MiddleIncome,0-(0.18*x)","_HighIncome,0-(0.12*x)","Retired,0-(0.22*x)","_global_socialism,0+(0.1*x),32",,,
#,IntelligenceServices,Servicos de Inteligencia,intel,"Os servicos de seguranca sao uma ferramenta essencial na luta contra a criminalidade organizada e o terrorismo. Bom, a inteligencia confiavel pode ser dificil e caro para obter, e, em muitos casos, os metodos utilizados podem ser impopular com os liberais e defensores dos direitos humanos.",UNCANCELLABLE,13,13,7,8,LAWANDORDER,900,1600,,4,0,0,,#Effects,"Liberal,0-(0.18*x)","CrimeRate,0-(0.12*x),2","Patriot,0+(0.05*x)","_Terrorism,0.2-(0.3*x),2","_security_,0+(0.4*x),2",,,,,,
#,InternetCensorship,Censura na Internet,internetcensorship,"Liberais sugeriria que a maior caracteristica da internet e a liberdade de censura e controle, levando a uma sociedade aberta e tolerante. A liberdade tem o seu preco no entanto, e nao ha falta de material na internet que podem ajudar aqueles com intencao criminosa. Opnioes sobre o que deve e nao deve ser censurado na web e amargamente dividida.",,27,27,14,10,LAWANDORDER,250,400,,1,0,0,,#Effects,"Conservatives,0.10+(0.15*x)","Technology,0.00-(0.12*x),4","Liberal,-0.25-(0.25*x)","Young,-0.08-(0.25*x)",,,,,,,
#,InternetTax,Imposto de Internet,tax,"A medida que mais e mais estabelecimentos de comercio 'fisicos' convencionais se move para a web, os governos sao tentados a cobrar impostos sobre essas operacoes, a fim de 'nivelar o campo de jogo'. No entanto, os adversarios de um credito fiscal de internet que tal medida iria prejudicar a economia hi-tech e fazer mal enorme a competitividade do pais.",,28,10,18,4,TAX,0,0,,1,115,7015,"GDP,0.2+(0.8*x)",#Effects,"Technology,-0.10-(0.23*x),4","GDP,0.00-(0.05*x),2","_MiddleIncome,0-(0.02*x)",,,,,,,,
#,JuryTrial,Tribunal do Juri,jurytrial,"O direito de ser julgado por membros comuns do publico, em vez de um juiz e visto como um direito humano fundamental por muitos liberais. Os conservadores argumentam que tal processo e caro, desperdicio de tempo e nao e mais justo do que um juiz ou um grupo de magistrados. Sua perfeitamente possivel ter um sistema em que um tribunal do juri e reservada para crimes mais graves, com ensaios menores presidida por um magistrado.",,18,25,8,10,LAWANDORDER,105,322,,1,0,0,,#Effects,"Liberal,0+(0.15*x)",,,,,,,,,,
#,LabourLaws,Leis do Trabalho,labourlaws,"As leis trabalhistas sao, basicamente, as restricoes sobre o direito do trabalhador a greve. Os capitalistas argumentam que tais restricoes sao vitais para evitar que os trabalhadores-chave, como os trabalhadores da central electrica, policiais e maquinistas parem o pais. Os sindicalistas consideram o direito de greve a ser fundamental e nao abertos a negociacao.",UNCANCELLABLE,45,45,27,20,ECONOMY,100,160,,2,0,0,,#Effects,"Socialist,-0.05+(0.1*x)","TradeUnionist,-0.14+(0.28*x)","WorkingWeek,0.37-(0.56*x)","Capitalist,0.05-(0.1*x)","WorkerProductivity,0.05-(0.10*x)","TradeUnionist_freq,-0.10+(0.20*x),8","_global_socialism,-0.10+(0.20*x),8","Wages,-0.12+0.24*x)",,,
#,LegalAid,Assistencia Juridica,default,"Nem todo mundo tem o dinheiro para pagar um advogado para defender-se em tribunal. Apesar de um cidadao poder teoricamente defender-se, oferecer os advogados empregados do estado deve fazer um sistema mais justo. Por outro lado, este e basicamente um grande subsidio para as pessoas que ja foram acusados ​​de um crime, mas lembre-se que eles sao inocentes ate que se prove culpado.",,13,13,7,9,LAWANDORDER,10,400,,1,0,0,,#Effects,"Liberal,0.05+(0.05*x)","Poor,0.025+(0.05*x)","Socialist,0.02+(0.02*x)","Equality,0.02+(0.04*x)","_LowIncome,0+(0.04*x)",,,,,,
#,LegaliseProstitution,Legalizar Prostituicao,default,"Conservadores dizem que a legalizacao da prostituicao ira marcar um declinio nos valores familiares. Outros dizem que a prostituicao e improvavel de desaparecer, mesmo se for ilegal, e melhor para a sociedade e para as prostitutas que a pratica seja regulamentada e monitorada do que criminalizada.",,25,25,12,8,LAWANDORDER,0,0,,1,0,0,,#Effects,"Conservatives,-0.30-(0.10*x)","GDP,0.03+(0.02*x),2","Liberal,0.05+(0.03*x)","Parents,-0.08-(0.02*x)","Religious,-0.33-(0.07*x)",,,,,,
#,LuxuryGoodsTax,Imposto para Itens Luxuosos,luxtax,"Um imposto que visa  especificamente os grandes gastadores de nossa sociedade. Uma sobretaxa e adicionada a itens luxuosos como carros esportivos, iates particulares etc. Mesmo nao sendo uma grande fonte de renda, esse imposto pode ser popular com as pessoas preocupadas com as diferencas entre pobres e ricos. O imposto para itens luxuosos pode encorajar pessoas que ganham muito a viver e trabalhar em outro lugar.",,14,8,7,3,TAX,0,0,,1,115,8137.4,"Wealthy_perc,0+(1.0*x)",#Effects,"Wealthy,0-(0.25*x)","Socialist,0+(0.4*x)","Capitalist,0-(0.08*x)","Equality,0.05+(0.2*x),4","_HighIncome,0-(0.18*x)",,,,,,
#,MarriedTaxAllowance,Reducao de Imposto para Casais,marriedtax,"Isso e uma reducao de impostos para casais, encorajando as pessoas a se casarem e ficarem juntas. A igreja acha essencial o estado encorajar valores tradicionais. Alguns veem isso como interferencia religiosa no sistema de impostos sem razao.",,21,21,12,8,TAX,100,5200,"GDP,0.25+(0.75*x)",1,0,0,,#Effects,"Religious,0.1+(0.2*x)","Conservatives,0.07+(0.10*x)","Parents,0.02+(0.03*x)","_global_liberalism,-0.04-(0.04*x),12",,,,,,,
#,MaternityLeave,Licenca Maternidade,maternityleave,"Para algumas pessoas, garantir que as maes tenham licenca maternidade e que retornem a seu emprego depois e um sinal de uma sociedade civilizada que encoraja a mulher a trabalhar. Algumas empresas pequenas estao preocupadas que isso pode resultar em um fardo imprevisivel e potencialmente perigoso para a empresa, especialmente se o numero de empregados sao pequenos. Com isso pode-se argumentar que isso pode na verdade encorajar os empregadores a nao contratar mulheres.",,13,18,7,7,ECONOMY,0,0,,1,0,0,,#Effects,"Parents,0.07+(0.15*x)","WorkerProductivity,-0.05-(0.07*x)","Parents_income,0+(0.1*x)","Parents_freq,0.025+(0.04*x),4","TradeUnionist,0.06+(0.05*x)",,,,,,
#,MicrogenerationGrants,Subsidios de Micro-Geracao,default,"Estes subsidios sao dados aos cidadaos para ajudar a subsidiar o custo de sistemas de micro-energia como  paineis solares e turbinas de vento. Esse e um bom jeito de tomar vantagem de algumas pessoas que querem dar um passo para uma energia mais limpa e mais verde, e aumenta a eficiencia energetica do pais.",,10,10,3,7,TAX,100,1100,"GDP,0.25+(0.75*x)",2,0,0,,#Effects,"Environmentalist,0.03+(0.06*x)","EnergyEfficiency,0.01+(0.11*x),4","Environmentalist_income,0.02+(0.05*x)","Environmentalist_freq,0.02+(0.06*x)","CO2Emissions,-0.02-(0.05*x),8","Environment,0.02+(0.04*x),8",,,,,
#,MilitarySpending,Gastos Militares,militaryspending,"Um moderno e bem equipado exercito pode custar uma fortuna, e muitas pessoas acham que o dinheiro pode ser gasto em outros lugares. Outras pessoas (especialmente os patriotas) dizem que voce nao pode colocar um preco na liberdade e na seguranca, e ainda falam sobre os beneficios para nossos empresarios e tecnologias.",UNCANCELLABLE,0,0,9,19,FOREIGNPOLICY,1000,10030,"_default_,1.0;Wages,-0.1+(0.2*x)",8,0,0,,#Effects,"Patriot,-0.35+(0.62*x)","Unemployment,0.00-(0.23*x)","StateEmployees,0.00+(0.23*x)","_Terrorism,0-(0.2*x),4","StateEmployees_freq,-0.05+(0.16*x)","StateEmployees_income,-0.3+(0.09*x)","Liberal,-0.10*(x^4)",,,,
#,Monorail,Sistema Nacional de Monotrilhos,default,"Monotrilhos sao muitas vezes vistos como o sistema de transporte do futuro. Eles sao promovidos como sendo rapido, confiavel e ambientalmente beneficos. O principal problema e no entanto o custo elevado. O tempo de construcao tambem e uma consideracao importante para que o investimento em uma rede nacional levaria muito tempo para dar uma boa recompensa eventualmente.",,14,14,8,8,TRANSPORT,2100,2320,,16,0,0,,#Effects,"CarUsage,-0.06-(0.10*x),2","Commuter,0.12+(0.15*x)","Unemployment,0-(0.05*x)",,,,,,,,
#,MortgageTaxRelief,Alivo da taxa de mortizacao,default,"Isto permite que as pessoas reivindiquem beneficios fiscais sobre os pagamentos de juros que eles tem que fazer quando eles pedirem dinheiro emprestado para comprar uma casa. Isso ajuda os compradores de casas para pagar os seus pagamentos de hipotecas, mas pode ser ressentido por aqueles que nao estao em uma posicao para comprar uma casa, uma vez que e efetivamente uma reducao de impostos para compradores de casas.",,31,44,18,22,TAX,200,920,"GDP,0.25+(0.75*x)",1,0,0,,#Effects,"MiddleIncome,0.1+(0.18*x)","Socialist,-0.06-(0.07*x)","Poor,-0.07-(0.06*x)","_MiddleIncome,0+(0.09*x)",,,,,,,
#,Narcotics,Narcoticos,narcotics,"Drogas como maconha e heroina devem ser legalizada? Os defensores sugerem que e o crime associado a compra de medicamentos do mercado negro que causam problemas, e legalizacao de drogas iria reduzir a criminalidade. Os opositores apontam para os riscos de saude e dizer que estaria dando em criminosos.",UNCANCELLABLE,37,37,27,20,LAWANDORDER,0,0,,5,0,0,,#Effects,"Liberal,-0.05+(0.2*x)","Parents,0.00-(0.15*x)","CrimeRate,0.00+(0.20*x)","Conservatives,0.05-(0.2*x)","LegalDrugConsumption,0.8*(GDP+0.2)*x",,,,,,
#,NationalService,Servico Nacional,nationalservice,"Servico militar obrigatorio para alguns cidadaos, onde sao ensinadas as nocoes basicas de como se defender este pais de ataques tem alguns beneficios. Por exemplo, nos permitiria ter um exercito regular menor. No entanto, existem preocupacoes sobre forcando as pessoas a pegar em armas contra a sua vontade.",,50,45,26,16,FOREIGNPOLICY,100,80,,1,0,0,,#Effects,"Liberal,-0.10-(0.02*x)","Patriot,0.15+(0.03*x)","Conservatives,0.20+(0.24*x)","Young,-0.20-(0.02*x)","Patriot_freq,0.10+(0.06*x)",,,,,,
#,OrganDonation,Doacao de Orgaos,organdonation,"Nao sao poucos os que discordam que o transplante de orgaos e uma tecnologia incrivel, mas ela exige uma oferta abundante de doadores. Infelizmente muitas pessoas nao dao a consideracao ao topico. Alguns sugerem que uma politica de 'optar para sair' e o melhor, assumindo que todos consentem com a doacao, salvo indicacao contraria. Outros sugerem que este nao e um lugar para o Estado de interferir e permissao explicita deve ser solicitada.",,13,13,9,7,PUBLICSERVICES,8,10,,1,0,0,,#Effects,"Health,0.05+(0.06*x)","Religious,-0.08-(0.025*x)",,,,,,,,,
#,OrganicSubsidy,Subsidio para Fazendas Organicas ,default,"Os defensores da agricultura organica dizem que o Estado deve subsidiar este metodo de cultivo por causa dos beneficios de saude de alimentos sem aromatizantes artificiais e aditivos. Naturalmente, essa medida e popular com os agricultores e ambientalistas, mas algumas pessoas veem isso como uma distorcao sem sentido do que deve ser um mercado livre.",,15,18,9,9,ECONOMY,190,800,,1,0,0,,#Effects,"Environmentalist,0.11+(0.09*x)","Farmers,0.10+(0.18*x)","Capitalist,-0.05-(0.02*x)","Health,0.02+(0.06*x),8","Farmers_income,0+(0.10*x)","Environmentalist_income,0+(0.05*x)","Farmers_freq,0.05+(0.09*x)",,,,
#,PetrolTax,Imposto de Petroleo,tax,#N/DISP,,49,28,36,10,TAX,0,0,,1,1150,21045,"CarUsage,0+(1.0*x)",#Effects,"CarUsage,0.00-(0.40*x),4","Motorist,0.00-(x^5)","Environmentalist,0.00+(0.20*x)","GDP,-0.13*(x^7),2","Motorist_income,0-(0.15*x)","Motorist_freq,0-(0.16*x)",,,,,
#,PhoneTapping,Escutas,phonetapping,"Do ponto de vista da lei e da ordem, escutas e uma arma essencial na luta contra a criminalidade organizada e o terrorismo. O problema e que e dificil de evitar o uso indevido de tal sistema, e os liberais estao ansiosos para apontar como escutas generalizada e um sinal muito sinistro de um estado policial.",,26,16,19,8,LAWANDORDER,10,40,,3,0,0,,#Effects,"Liberal,-0.1-(0.25*x)","CrimeRate,-0.05-(0.25*x)","_Terrorism,-0.05-(0.15*x)","_security_,(0.075+0.1*x)",,,,,,,
#,PlasticBagTax,Taxa de Sacola Plastica,default,"As sacolas plasticas, ao contrario do papel nao sao biodegradaveis ,​​ou seja, acabou terminando em grandes aterros ja que nao se decompoem . Um imposto sobre elas desencoraja seu uso e incentiva as pessoas a reutilizar-las. Os capitalistas so veem isso como a intromissao do Estado.",,4,1,1,0,TAX,6,7,,1,5.75,70.15,,#Effects,"Environmentalist,0.02+(0.03*x)","Capitalist,-0.02-(0.02*x)",,,,,,,,,
#,PoliceForce,Forca Policial,default,"Todo governo precisa de uma forca policial para garantir a ordem e que as leis sejam obedecidas, mas e uma questao de debate exatamente o quanto deve ser gasto com a policia. Alguns concordam com uma grande forca com a policia em cada esquina, outros preferem menos agentes e abordagens tolerantes.",UNCANCELLABLE,25,37,4,18,LAWANDORDER,300,2320,"_default_,1.0;Wages,-0.1+(0.2*x)",6,0,0,,#Effects,"CrimeRate,-0.35*(x^0.6),4","ViolentCrimeRate,-0.52*(x^0.6),3","Conservatives,-0.2+(0.48*x)","StateEmployees,-0.15+(0.37*x)","StateEmployees_freq,-0.05+(0.1*x)","StateEmployees_income,-0.3+(0.09*x)","Unemployment,0-(0.03*x)",,,,
#,PollutionControls,Controle de Poluicao,pollutioncontrols,"Restricoes sobre os produtos quimicos e as emissoes podem ser liberados na atmosfera. Reduz a poluicao e aumentar a saude, eventualmente, com um aumento economica.",,6,6,3,3,ECONOMY,10,24,,4,0,0,,#Effects,"Environmentalist,0.1+(0.13*x)","Capitalist,-0.02-(0.08*x)","Environment,0.1+(0.2*x),12","GDP,0-(0.05*x),4","CO2Emissions,-0.05-(0.14*x),12",,,,,,
#,PrisonerTagging,Monitoracao de Prisioneiro,default,"Uma alternativa de alta tecnologia para o encarceramento que permite que as pessoas a re-integracao com a comunidade apos a libertacao da prisao, permitindo simultaneamente que as autoridades policiais para mantenham um olhar atento sobre eles. Os liberais tem a preocupacao de que tal sistema e um passo em direcao a um estado policial que monitora cada movimento nosso.",,14,14,7,4,LAWANDORDER,16,32,,1,0,0,,#Effects,"Liberal,-0.10-(0.12*x)","CrimeRate,-0.05-(0.08*x)","ViolentCrimeRate,-0.05-(0.09*x)", ,,,,,,,
#,Prisons,Prisoes,prisons,"Alguns argumentam que fornecer o numero minimo de celas frias e a unica disposicao que precisa ser feito para aqueles que violaram a lei. Outros sugerem que gastar mais dinheiro permite prisioneiros a serem reabilitados, bem como punidos e reduz as chances de reincidencia.",UNCANCELLABLE,13,20,7,8,LAWANDORDER,100,1920,"CrimeRate,0.1+(0.9*x)",6,0,0,,#Effects,"CrimeRate,0.00-(0.07*x),8","Liberal,0.12*(x^4)","Conservatives,0.00+(0.12*x)","StateEmployees,0+(0.15*x)","StateEmployees_freq,-0.05+(0.1*x)","Unemployment,0-(0.02*x)",,,,,
#,PropertyTax,Taxa de Propriedade,tax,"A tributacao do combustivel pode ser uma grande fonte de renda para um governo, e tambem pode ser visto como uma politica verde, incentivando as pessoas a dirigir menos, ou para usar os carros mais eficiente de combustivel. Criticos sugerem que este e apenas mais um imposto cinico sobre o motorista, e alguns se queixam de que a alternativa (transporte publico) nao e uma opcao viavel para todos.",,37,33,19,10,TAX,0,0,,2,1150,12650,"GDP,0.5+(0.5*x)",#Effects,"_MiddleIncome,0-(0.1*x)","_HighIncome,0-(0.14*x)","Socialist,0+(0.12*x)","Capitalist,0-(0.15*x)","Equality,0+(0.15*x)","MiddleIncome,0-(0.32*x)","Wealthy,0-(x^11)","Retired,0-(0.28*x)", ,,
#,PublicLibraries,Bibliotecas Pulblicas,default,"As bibliotecas publicas oferecem uma serie de servicos, atuando como um foco para as comunidades, proporcionando o acesso a informacao e a literatura para pessoas com baixos rendimentos, e permitir que as pessoas a aprender novas habilidades fora do estabelecimento de ensino normal.",,10,21,6,9,PUBLICSERVICES,50,800,,4,0,0,,#Effects,"Education,0.02+(0.05*x),4","Equality,0.02+(0.02*x),4","Retired,0.03+(0.03*x)",,,,,,,,
#,RacialProfiling,Perfil Racial,default,"A discriminacao racial (ou etnica) e a pratica de usar a raca como um fator de identificacao de criminosos e potenciais criminosos. Policiais afirmam que o uso de discriminacao racial que lhes permite reduzir rapidamente as listas de potenciais suspeitos, e melhor concentrar os seus esforcos, mas adversarios temem que leva a discriminacao racial pela policia.",,32,16,18,8,LAWANDORDER,0,0,,1,0,0,,#Effects,"CrimeRate,0-(0.09*x)","ViolentCrimeRate,0-(0.09*x)","Liberal,-0.06-(0.06*x)","RacialTension,0.2+(0.1*x)","_Terrorism,-0.04-(-0.05*x)",,,,,,
#,RaceDiscriminationAct,Lei de Discriminacao Racial,default,"Impede a discriminacao dos cidadaos puramente na base da raca, ou seja, praticas empregaticias racistas etc",,2,26,1,10,LAWANDORDER,5,9,,1,0,0,,#Effects,"RacialTension,0-(0.14*x)","Liberal,0.1+(0.03*x)","EthnicMinorities,0.2+(0.1*x)","Conservatives,-0.05*(x^4)","_global_liberalism,0+(0.12*x),8",,,,,,
#,RailSubsidies,Subsidios Ferroviarios,default,"Viajar de trem nao e apenas mais ecologico do que a viagem de carro, e muito mais eficiente em termos de tempos de transporte e os congestionamentos. Claro que requer um investimento adequado a muito longo prazo, e, entretanto, os motoristas se ofender a subsidiar um sistema que eles nao usam. Ele pode levar varios anos para os efeitos do investimento ferroviario para fazer efeito.",,18,18,10,9,TRANSPORT,500,4800,,24,0,0,,#Effects,"Commuter,0.10+(0.25*x)","Motorist,0.00-(0.20*x)","RailUsage,0.00+(0.35*x),8","_LowIncome,0+(0.06*x)","_MiddleIncome,0+(0.02*x)","Commuter_income,0+(0.1*x)","Commuter_freq,0+(0.12*x),4","Unemployment,0-(0.09*x)",,,
#,Recycling,Reciclagem,recycling,"Os defensores da reciclagem argumentam que jogar lixo em aterros sanitarios so nao e uma solucao a longo prazo, e que o governo precisa mostrar o caminho, oferecendo instalacoes para reciclar o maximo de residuos possivel. Isto pode incluir jornais de reciclagem, papelao, garrafas e ate mesmo alguns plasticos.",,13,18,4,4,ECONOMY,40,400,,5,0,0,,#Effects,"Environmentalist,0.05+(0.12*x)","Environment,0.01+(0.04*x)","Environmentalist_freq,0.02+(0.08*x),12",,,,,,,,
#,RoadBuilding,Construcao de Estradas,roadbuilding,"Embora os ambientalistas argumentam que muitas vezes mais estradas apenas geram mais congestionamento, nao surpreendentemente nao e assim que o motorista que esta sentado no transito ve. A construcao de novas estradas e um processo muito caro e muito lento, mas alguns sugerem a sua vital para manter nosso funcionamento economia.",UNCANCELLABLE,30,30,18,18,TRANSPORT,100,5100,,16,0,0, ,#Effects,"Motorist,-0.25+(0.55*x),4","Environmentalist,0.16-(0.40*x)","CarUsage,0.20+(0.29*x),4","TrafficCongestion,0-(0.3*x)","Unemployment,0-(0.05*x)", ,,,,,
#,RuralDevelopmentGrants,Subsidio Desenvolvimento Rural,default,"Com o avanco da tecnologia e cada vez mais cidadaos aceitar empregos em nossas cidades, existe o perigo de que a pobreza eo desemprego vai subir para niveis inaceitaveis ​​no campo. Bolsas de desenvolvimento rural que distorcem o mercado livre, mas tambem apoiar as empresas rurais e prevenir a pobreza entre os agricultores e outras ocupacoes rurais.",,27,27,18,15,ECONOMY,100,400,,6,0,0,,#Effects,"_LowIncome,0.02+(0.13*x)","Unemployment,0.00-(0.15*x)","Equality,0.00+(0.14*x)","Farmers,0.10+(0.30*x)","GDP,0.00+(0.06*x),4","Farmers_freq,0.02+(0.06*x),8",,,,,
#,SalesTax,Taxa de Vendas,salestax,"Imposto sobre vendas e o imposto classico 'regressivo', que significa que ele nao leva em conta a capacidade de pagamento. Os criticos argumentam que isso afeta desproporcionalmente os pobres e, portanto, aumenta a desigualdade. Os defensores argumentam que e relativamente facil de coletar e afeta a todos, e e, portanto, justo. As empresas podem se opor a carga administrativa do imposto.",MULTIPLYINCOME,37,21,26,9,TAX,0,0,,1,575,61732,"GDP,0.2+(0.8*x);TaxEvasion,1.0-(0.2*x)",#Effects,"PovertyRate,0.00+(0.20*x)","SelfEmployed,0.00-(0.21*x)","Capitalist,0.00-(0.15*x)","Equality,-0.02-(0.32*x)","_LowIncome,0-(0.12*x)","_MiddleIncome,0-(0.06*x)",,,,,
#,SateliteRoadPricing,Preco das Estrada Satelite,default,"Um sistema caro, que requer transponders a serem instalados em carros de todo mundo e mantem o controle sobre o que as pessoas usam as estradas (e quando). Permite preco por estrada para o uso do carro que da as autoridades locais um bom controle sobre a reducao do congestionamento, sem sobrecarregar os motoristas em areas rurais mais remotas que nao tem sistema de transporte alternativo.",,52,21,26,14,TRANSPORT,2500,2000,,16,0,7015,"CarUsage,0+(1.0*x)",#Effects,"CarUsage,-0.25*(x^4),4","Motorist,-0.08-(0.06*x)","Environmentalist,0.06+(0.1*x)","Motorist_income,-0.04-(0.1*x)","Capitalist,0.05+(0.02*x)",,,,,,
#,SchoolBuses,Onibus Escolares Subsidiados,default,"Os subsidios estatais para onibus escolares garantem que cada aluno tem uma viagem eficiente e segura para a escola, ao passo que a reducao do numero de viagens curtas para a escola realizadas pelos pais, reduzindo assim o trafego nas estradas. Os pais tambem sao mais felizes sabendo que ha onibus escolares adequados e aprovados.",,14,21,7,10,TRANSPORT,250,520,,2,0,0,,#Effects,"Parents,0.07+(0.07*x)","BusUsage,0.05+(0.15*x),2",,,,,,,,,
#,SchoolPrayers,Oracoes Escolares,schoolprayers,"Os liberais, muitas vezes argumentam que a educacao dos nossos cidadaos mais jovens devem ser mantidas totalmente separadas de qualquer ensinamentos religiosos. Por outro lado, ele argumentou que alguma oracao obrigatoria nas escolas e uma forma de promover os valores morais em nossas criancas.",,49,39,19,14,PUBLICSERVICES,0,0,,1,0,0,,#Effects,"Religious,0.05+(0.15*x)","Liberal,-0.05-(0.05*x)","Religious_freq,0.04+(0.25*x),32","RacialTension,0.1+(0.11*x),2",,,,,,,
#,ScienceFunding,Financiamento de Ciencia,sciencefunding,"Em alguns paises, a maioria das pesquisas e financiada por empresas privadas. Ciencia financiada pelo Estado pode ser util para investir em projetos de pesquisa de longo prazo ou aqueles que nao podem ser comercialmente gratificante. Os beneficios da pesquisa do setor do estado estao disponiveis gratuitamente para toda a populacao, em vez de patenteado por empresas.",UNCANCELLABLE,10,20,6,8,PUBLICSERVICES,85,4000,,4,0,0,,#Effects,"Technology,-0.10+(0.21*x),4","EnergyEfficiency,-0.1+(0.2*x),12","GDP,0+(0.08*x),20","StateEmployees,-0.15+(0.3*x)","StateEmployees_freq,-0.05+(0.1*x)","Unemployment,0-(0.03*x)",,,,,
#,SmallBusinessGrants,Bolsa Pequena Empresas,default,"A taxa de falha para as pequenas empresas e muito elevado. Nos primeiros anos de negociacao, um subsidio do governo preferencial pode ser uma grande ajuda para comecar um novo empreendimento do chao. Isso pode levar a um grande impulso para a economia, mas tambem pode ser uma politica caro sem garantia de bons resultados.",,10,14,4,7,ECONOMY,100,5000,"GDP,0.25+(0.75*x)",2,0,0,,#Effects,"SelfEmployed,0.10+(0.25*x)","GDP,0.01+(0.05*x),8","Capitalist,0+(0.09*x)","_global_socialism,-0.04-(0.1*x),12","SelfEmployed_freq,0.02+(0.06*x),4","SelfEmployed_income,0.01+(0.15*x)","TradeUnionist_freq,-0.02-(0.04*x),4","Capitalist_income,0+(0.05*x),4",,,
#,SpaceProgram,Program Espacial,spaceprogram,"Invista em esforcos de seu pais para explorar o espaco! Bem como os beneficios puramente cientificas, um programa espacial bem financiada vai aumentar o nivel de especializacao tecnologica em toda a economia. Ele tambem ira unir o pais e incentivar o patriotismo.",,24,26,18,10,ECONOMY,1000,3900,,16,0,0,,#Effects,"Patriot,0.05+(0.15*x)","Patriot_freq,0.05+(0.15*x)","Unemployment,-0.02-(0.05*x)","StateEmployees,0.035+(0.075*x)","Technology,0+(0.12*x),16","Religious_freq,-0.02-(0.06*x),20",,,,,
#,SpeedCameras,Radar de Velocidade,speedcameras,"Radares de Velocidade sao uma forma automatizada para impor restricoes de velocidade nas nossas estradas, sem ter que investir uma fortuna na policia de transito extras. Os defensores afirmam que reduzir mortes na estrada e liberar a policia para lidar com o crime mais grave, os opositores afirmam que eles sao uma maneira cinica de tributar o motorista e nao tem nada a ver com a seguranca",,39,14,14,7,LAWANDORDER,1,8,,5,11.5,210.45,,#Effects,"Motorist,0.00-(0.25*x)","Parents,0.01+(0.03*x)","Health,0.01+(0.015*x),4","Motorist,-0.02-(0.08*x)",,,,,,,
#,StateHealthService,Servico de Saude do Estado,healthservice,"Embora muitos cidadaos ficariam felizes em pagar para seu proprio tratamento de saude particular, nao quer dizer que o Estado nao tem o dever de fornecer um nivel minimo de tratamento de saude gratuito para todos, independentemente de renda. Servicos de saude pode ser caro, por isso e uma questao de debate a respeito de quanto deve ser gasto.",,38,60,18,26,PUBLICSERVICES,3000,12000,"_default_,0.6;TobaccoUse,0+(0.1*x);Environment,0.2-(0.1*x);Alcoholism,0.1+(0.1*x);Wages,-0.1+(0.2*x)",12,0,0,,#Effects,"Poor,0.05+(0.15*x)","Capitalist,-0.02-(0.10*x)","Wealthy,0.00-(0.10*x)","Socialist,0.05+(0.11*x)","Health,0.25*(x^0.6)+0.05,4","Retired,0.00+(0.16*x)","Unemployment,0-(0.19*x)","StateEmployees,0.00+(0.22*x)","StateEmployees_freq,0+(0.1*x)","StateEmployees_income,0+(0.09*x)","_global_socialism,0+(0.08*x),4"
#,StateHousing,Habitacao do Estado,default,"Alguns cidadaos preferem possuir suas proprias casas, mas o custo da habitacao e tal que uma grande proporcao da populacao vive em casa alugada. Habitacao do Estado e fornecido, a uma taxa reduzida, para aqueles que nao podem pagar a taxa de mercado. Isto pode ser caro para financiar, mas os beneficios sociais tambem sao significativos.",,13,18,8,8,WELFARE,1000,8400,,16,0,0,,#Effects,"Capitalist,-0.02-(0.1*x)","Poor,0.05+(0.05*x)","Equality,0.03+(0.21*x)","Socialist,0+(0.20*x)","PovertyRate,0-(0.17*x)","_LowIncome,0+(0.17*x)","_global_socialism,0.03+(0.02*x),12",,,,
#,StatePensions,Pensoes do Estado,default,"Ao inves de deixa-lo por conta do individuo para se sustentar apos a aposentadoria, pensoes do Estado podem garantir um padrao minimo de vida para os idosos. Esteja ciente de que, como a expectativa de vida aumenta, o custo para o Estado de pagar pensoes aumenta enormemente. O nivel de pensao do Estado podem encorajar ou desencorajar os cidadaos para salvar em planos de previdencia privada.",,19,49,9,26,WELFARE,2500,14000,"_default_,1.0;Health,0.2*(x^6)",2,0,0,,#Effects,"Capitalist,-0.02-(0.1*x)","Retired,0.2+(0.55*x)","Poor,0.07+(0.12*x)","PovertyRate,0-(0.2*x)","Retired_income,0.1+(0.2*x)","_global_socialism,0.03+(0.02*x),12","Retired_freq,0+(0.09*x),8",,,,
#,StateSchools,Escolas Estaduais,stateschools,"A educacao gratuita para todos garante altos niveis de alfabetizacao e pode ser benefico para a economia, especialmente aqueles setores da economia que necessitam de mao de obra especializada. O outro lado disso e que a educacao do estado pode ser caro para o governo. Individuos ricos, nao fazendo uso de escolas estaduais, pode ressentir-se subsidia-los.",,30,42,18,21,PUBLICSERVICES,1000,10200,"_default_,1.0;Wages,-0.1+(0.2*x)",12,0,0,,#Effects,"Poor,0.04+(0.11*x)","Socialist,0.00+(0.20*x)","Education,0.3*(x^0.6)+ 0.07,8","PovertyRate,-0.08-(0.10*x)","StateEmployees,0.00+(0.14*x)","Unemployment,0-(0.19*x)","StateEmployees_freq,0+(0.1*x)","StateEmployees_income,0+(0.09*x)","_global_socialism,0.02+(0.04*x),12","Parents_freq,0+(0.025*x),8",
#,StemCells,Pesquisa de Celula Tronco,default,"Uma celula-tronco e um tipo primitivo de celula que pode ser desenvolvida em maioria dos tipos de celulas encontradas no corpo humano. Alguns cientistas afirmam que a pesquisa com celulas-tronco oferece uma grande esperanca para a cura de doencas como diabetes e esclerose multipla. No entanto, porque as celulas-tronco sao retiradas de embrioes humanos descartados, muitos grupos 'pro-vida' e religiosos se opoem a seu uso.",,45,45,21,15,PUBLICSERVICES,20,160,,4,0,0,,#Effects,"GDP,0.03+(0.035*x),22","Religious,-0.17-(0.1*x)","Conservatives,-0.02-(0.04*x)","Health,0.01+(0.02*x),16","Technology,0.02+(0.04*x)",,,,,,
#,TaxShelters,Paraisos Fiscais,default,"Por nao tributar plenamente a riqueza dos super-ricos, paraisos fiscais pode ser uma otima maneira de incentivar os empresarios de sucesso para tornar o nosso pais sua casa. Com um mundo cada vez menor, os ricos sao livres para estabelecer onde quer que agradar. encorajando-os a viver aqui pode significar que eles gastam sua riqueza neste pais. Tais medidas podem ser muito impopular com os pobres, que se ressentem pagamento de imposto sobre os seus rendimentos muito baixos.",,13,18,7,7,ECONOMY,100,400,,1,0,0,,#Effects,"Wealthy,0.20+(0.30*x)","Socialist,-0.20-(0.40*x)","Equality,-0.10-(0.30*x),4","Capitalist,0+(0.14*x)","_HighIncome,0+(0.10*x)","GDP,0+(0.06*x),8","ForeignRelations,-0.08*(x^3)",,,,
#,TechnologyColleges,Tecnologia nas Faculdades,default,"Faculdades de tecnologia sao escolas especializadas, com foco na alfabetizacao informatica, biotecnologia e assuntos semelhantes. Estas faculdades estatais recebem financiamento especial do governo central, a fim de incentivar um maior nivel de literacia tecnologica entre a futura forca de trabalho.",,10,16,6,7,PUBLICSERVICES,185,670,,4,0,0,,#Effects,"Education,0.025+(0.16*x),8","Technology,0.05+(0.15*x),8","StateEmployees,0.00+(0.05*x)","StateEmployees_freq,0+(0.04*x)","Socialist,-0.02-(0.06*x)","Equality,-0.02-(0.025*x)",,,,,
#,TechnologyGrants,Incetivo a Tecnologia,default,"O governo pode fornecer financiamento estatal para incentivar as empresas a investir em tecnologias novas e emocionantes. Embora isso ajuda a dar-nos uma vantagem competitiva e pode criar postos de trabalho, pode-se argumentar que a sua uma distorcao desnecessaria do mercado.",,10,18,6,7,ECONOMY,450,4600,"GDP,0.25+(0.75*x)",2,0,0,,#Effects,"Unemployment,0.00-(0.05*x),6","Technology,0.05+(0.12*x),6","GDP,0.0+(0.02*x),16","WorkerProductivity,0.00+(0.07*x),8","Capitalist,0.03+(0.08*x)","Religious_freq,-0.08-(0.12*x),32",,,,,
#,TelecommutingInitiative,Iniciativa Home Office,default,"Home office, ou 'trabalho de casa' e visto como desejavel, pois reduz a pressao sobre a infra-estrutura de transporte, e pode ser uma melhoria para a qualidade de vida das pessoas. Tambem e bem-vinda pelos pais. Esta politica de incentivos fiscais para as empresas que suportam esta opcao.",,2,6,0,3,TRANSPORT,110,500,"GDP,0.4+(0.6*x)",1,0,0,,#Effects,"Commuter,0.05+(0.15*x)","Commuter_freq,-0.05-(0.1*x),4","CarUsage,-0.05-(0.1*x),4","Parents,0.07+(0.07*x)","TradeUnionist,0.05+(0.05*x)",,,,,,
#,TobaccoTax,Imposto do Tabaco,tax,"Apesar de admitir o fracasso das empresas de tabaco , ha boas razoes para acreditar que o fumo tem efeitos negativos sobre a saude. Isso e usado como justificativa para a tributacao do tabaco. Os cinicos apontam que o governo se beneficia enormemente de um imposto sobre um produto que supostamente e contra. Ativistas Saude incentivar o imposto como uma forma de incentivar uma populacao mais saudavel",,39,20,27,10,TAX,0,0,,1,115,8418,"TobaccoUse,0+(1.0*x)",#Effects,"_All_,-0.4*(TobaccoUse*x)","PovertyRate,0.23*(TobaccoUse*x)","Equality,-0.1*(TobaccoUse*x)","TobaccoUse,0-(0.8*x),8",,,,,,,
#,TollRoads,Pedagios,default,"Estradas com pedagio cobram os motoristas para usar ruas especificas (normalmente grandes rodovias). Este e um grande exemplo da aplicacao diretamente as forcas do mercado, por cobrando apenas aqueles que usam uma rota especifica para a construcao e manutencao dessa rota. Os motoristas tendem a ver isso como apenas uma outra forma de tributacao, enquanto os passageiros nao gostam de ser cobrado por estradas que raramente usa.",,25,13,10,7,TRANSPORT,0,0,,12,11.5,140.3,"CarUsage,0+(1.0*x)",#Effects,"Motorist,0.00-(0.25*x)","Commuter,0.10+(0.05*x)","Capitalist,0.15+(0.11*x)","CarUsage,0.00-(0.05*x)","TrafficCongestion,0-(0.12*x)","Equality,0-(0.02*x)","Motorist_income,-0.04-(0.08*x)",,,,
#,UnemployedBenefit,Auxilio Desemprego,default,"O auxilio desemprego e um beneficio do estado dado a todos que e capaz de trabalhar, mas nao consegue encontrar emprego. Socialistas consideram isto como uma rede minima de seguranca para os trabalhadores fora do trabalho por causa dos caprichos da economia. Alguns acreditam que os beneficios de desemprego distorcem o mercado e desencorajar as pessoas de procurarem trabalho.",,25,27,14,12,WELFARE,500,5440,"Unemployment,0+(1.0*x)",1,0,0,,#Effects,"Capitalist,-0.01-(0.08*x)","Unemployment,0+(0.1*x),8","Poor,0.1+(0.3*x)","Socialist,0+(0.15*x)","PovertyRate,0-(0.12*x)","_LowIncome,0+(0.15*x)",,,,,
#,UniversityGrants,Bolsas Univercidade,universitygrants,"Embora nem todos os cidadaos irao buscar uma educacao universitaria, os governos podem fornecer subsidios aos estudantes para incentivar uma forca de trabalho mais educada. Bolsas universitarias tambem asseguraram a igualdade de oportunidades, como em sua ausencia o custo de uma educacao universitaria pode estar fora do alcance de familias da classe trabalhadora.",,13,22,7,10,PUBLICSERVICES,200,2600,,2,0,0,,#Effects,"Education,0.00+(0.27*x),16","StateEmployees,0.00+(0.18*x)","_MiddleIncome,0+(0.06*x)","_LowIncome,0+(0.06*x)","Parents,0.02+(0.02*x)","Young,0.04+(0.17*x)","Young_income,0.08+(0.12*x)",,,,
#,WelfareFraudDept,Dpto de Fraudes da Previdencia,welfarefraud,"Quando o governo da tanto dinheiro em pagamentos de previdencia social, e essencial que o dinheiro esta corretamente direcionada e nao explorada por pessoas fazendo afirmacoes espurias. Um departamento de fraude dedicado ira detectar falsos pretendentes, recuperar o dinheiro perdido e tranquilizar os contribuintes de renda media que seus impostos estao sendo gastos de forma inteligente, embora possa antagonizar reclamantes legitimos.",,4,7,3,3,WELFARE,120,155,,3,115,800,"ChildBenefit,0+(0.25*x);DisabilityBenefit,0+(0.25*x);StateHousing,0+(0.25*x);UnemployedBenefit,0+(0.25*x)",#Effects,"Poor,-0.03-(0.06*x)","Conservatives,0.05+(0.07*x)","MiddleIncome,0.03+(0.06*x)",,,,,,,,
#,WinterFuelSubsidy,Subsidios para combustiveis de inverno,default,"A concessao especial dada aos idosos. Este e um pagamento bem-estar regularmente feita a todos sobre a idade de aposentadoria para o custo de suas contas de combustivel de inverno. Ele e projetado para reduzir a 'pobreza de combustivel', que pode ocorrer quando alguns membros idosos da sociedade nao pode dar ao luxo de aquecer as suas casas no inverno.",,9,30,3,9,WELFARE,500,2000,"Retired_perc,0+(1.0*x)",1,0,0,,#Effects,"Health,0.02+(0.02*x)","Retired,0.2+(0.2*x)","PovertyRate,-0.02-(0.06*x)","Environmentalist,-0.02-(0.03*x)","Retired_freq,0+(0.04*x)","EnergyEfficiency,0-(0.08*x)",,,,,
#,WorkSafetyLaw,Leis de Seguranca do Trabalho,default,"Legislacao de seguranca do trabalho, muitas vezes conhecido como saude e seguranca e uma serie de medidas para garantir os funcionarios nao estao em risco de lesoes em suas atividades do dia-a-dia. Sindicalistas muitas vezes saudam essas leis como uma defesa valiosa contra os empregadores sem escrupulos que podem colocar vidas em risco. Muitos lideres empresariais estao preocupados com os elevados niveis de burocracia e as praticas restritivas que podem resultar de tais leis, que eles veem como um onus para as empresas.",,4,7,1,1,ECONOMY,10,55,,1,0,0,,#Effects,"TradeUnionist,0.04+(0.06*x)","TradeUnionist_freq,0.02+(0.02*x)","SelfEmployed,-0.05-(0.08*x)","SelfEmployed_freq,-0.02-(0.08*x)","WorkerProductivity,-0.01-(0.02*x),4","Health,0.01+(0.02*x)",,,,,
#,YouthClubSubsidies,Subsidios Clube de Jovens,default,"Clubes gratuitos de jovens asseguraram que os adolescentes tem um 'lugar para ir', que pode ajuda-los a ficar fora de problemas, e, a longo prazo, reduzir a incidencia de crimes de rua. Ela pode ser ressentida por alguns contribuintes mais ricos, que o veem como um gasto desnecessario, pagos pelos seus impostos.",,9,15,4,7,PUBLICSERVICES,12,220,,2,0,0,,#Effects,"Parents,0.06+(0.05*x)","Socialist,0.04+(0.02*x)","CrimeRate,-0.05-(0.05*x),8","Young,0.03+(0.08*x)","Young_income,0.02+(0.06*x)",,,,,,
#,AbortionLaw,Lei de Aborto,abortion,"Poucas areas da politicas incitam as emocoes mais fortes que o debate sobre o aborto. No lado pro-vida, sao argumentos sobre os direitos do nascituro, e os argumentos sao muitas vezes feitas a partir de um ponto de vista religioso. No lado pro-escolha, ha o argumento de que o Estado nao deve ter mais a dizer sobre o que uma mulher faz com seu corpo do que ela. Fazer qualquer alteracao na posicao da estado sobre o aborto exige uma boa quantidade de capital politico.",UNCANCELLABLE,0,0,26,19,PUBLICSERVICES,0,0,,1,0,0,,#Effects,"Religious,0.2-(x^5)","Liberal,0.2+(x-1)^5","Conservatives,0.2-(0.4*x)",,,,,,,,
#,RentControls,Controle de Aluguel,default,"Uma alternativa para o habitacao do estado e um sistema em que o Estado vai regulamentar o mercado de aluguel privado em uma tentativa de garantir a oferta de habitacao a precos acessiveis para todos, ate mesmo dentro do setor privado. Os capitalistas, naturalmente vejo isso como uma distorcao do mercado livre que vai impedir que casas suficientes sejam construidas, enquanto defensores dirao que impede a exploracao dos pobres pelos latifundiarios gananciosos.",,4,18,7,10,WELFARE,10,12,,1,0,0,,#Effects,"PovertyRate,-0.03-(0.03*x)","Socialist,0.04+(0.04*x)","Capitalist,-0.1-(0.2*x)","PrivateHousing,-0.1-(0.15*x)","_LowIncome,0.03+(0.04*x)","Capitalist_income,-0.09-(0.04*x)",,,,,
#,SchoolVouchers,Vale Escola,default,"A medida visa incentivar o crescimento do ensino privado, enquanto permite todos possam pagar uma educacao. Comprovantes escolares sao emitidos pelo Estado aos pais de cada crianca que eles poderao gastar no setor privado na educacao. Esta e uma abordagem diferente para a educacao estado, porque com creditos fiscais as escolas sao de gestao privada e os professores nao sao funcionarios publicos.",,9,14,7,9,PUBLICSERVICES,320,8000,"PrivateSchools,0+(1.0*x)",1,0,0,,#Effects,"PrivateSchools,0+(0.6*x),2","_LowIncome,0+(0.13*x)","Equality,0+(0.05*x),8","_global_socialism,-0.01-(0.12*x),8",,,,,,,
#,OilDrillingSubsidy,Subsidio para Perfuracao de Petroleo,default,"Para incentivar o investimento em novas perfuracoes de petroleo e gas, e, assim, aumentar a oferta de energia de combustivel fossil para o pais, esses incentivos fiscais efetivamente subsidiam combustiveis fosseis. Isto ira reduzir indirectamente os precos dos combustiveis e estimular a economia, mas sera um ultraje para os ambientalistas.",,36,8,18,6,ECONOMY,200,32100,"GDP,0.75+(0.25*x)",1,0,0,,#Effects,"Environmentalist,-0.1-(0.25*x)","GDP,0+(0.02*x),12","OilSupply,0.06+(0.1*x),4",,,,,,,,
#,MansionTax,Imposto de Mansao,default,"A alta taxa especial de imposto cobrado anualmente sobre a propriedade de casas super-caras. Este imposto e popular entre alguns, porque e quase impossivel de evitar, como casas nao podem ser facilmente escondido. E percebido como injusto por alguns idosos que podem ter casas caras, mas relativamente baixos rendimentos e, portanto, tem dificuldade em pagar o imposto anual. E uma forma de riqueza de impostos, ao contrario do imposto de renda.",,26,19,10,12,TAX,32,34,,2,500,4000,"Wealthy_perc,0.75+(0.5*x)",#Effects,"Wealthy,-0.1-(0.15*x)","Retired,-0.8*(x^8)","Equality,0.28*(x^5)","Socialist,0.08+(0.10*x)",,,,,,,
#,FuelEfficiency,Padroes de Eficiencia de Combustivel,default,"Normas obrigatorias para os carros novos que ditam o nivel minimo de eficiencia de combustivel. Esta e uma medida a longo prazo destinada a aumentar a eficiencia de combustivel dos automoveis do pais e, assim, reduzir a nossa dependencia do petroleo, bem como a reducao do custo de dirigir a longo prazo. Vai ser impopular com os fabricantes de automoveis, mas um acerto com os ambientalistas.",,6,15,2,7,TRANSPORT,20,22,,2,0,0,,#Effects,"OilDemand,-0.04-(0.10*x),24","Motorist_income,0.02+(0.08*x),24","CarUsage,0.02+(0.06*x),24","Environmentalist,0.04+(0.04*x)","Capitalist,-0.01-(0.02*x)","CO2Emissions,0-(0.1*x),8",,,,,
#,ForeignInvestorTaxBreaks,Incentivos Fiscais Para Investidores Estrangeiros,default,"Incentivos fiscais especiais dada a grandes empresas multinacionais estrangeiras para incentiva-los a investir no nosso pais. Isto pode incluir periodos de isencao de impostos, taxas introdutorias de imposto sobre as sociedades, e os subsidios em linha reta para incentivar o investimento. Ajuda a estimular o investimento do exterior, mas sera visto como incrivelmente antipatriotico, e se curvar aos caprichos de grandes organizacoes capitalistas estrangeiros.",,10,7,7,1,ECONOMY,600,6000,"GDP,0.75+(0.25*x)",1,0,0,,#Effects,"Patriot,-0.1-(0.14*x)","GDP,0.03+(0.05*x),4",,,,,,,,,
#,RoboticsResearch,Bolsas Pesquisa Robotica,default,"A concessao especial para incentivar a investigacao em robotica. A robotica e uma area muito longo prazo da investigacao, que acabara por levar a grandes aumentos de produtividade, mas, ao mesmo tempo que vai reduzir a quantidade de empregos de baixa ou semi-qualificados na economia, e, portanto, potencialmente levar a um desemprego mais elevado.",,6,7,1,3,ECONOMY,100,2100,,2,0,0,,#Effects,"Technology,0.01+(0.06*x),16","WorkerProductivity,0.02+(0.1*x),16","Unemployment,0-(0.06*x),2","TradeUnionist,-0.06-(0.1*x)","Unemployment,0+(0.19*x),20",,,,,,
#,PrivatePrisons,Prisoes Privadas,default,"Ao inves de controlar diretamente e gerenciar um servico prisional do Estado, esta politica permite prisoes a ser propriedade e gestao privada, e apenas paga pelo Estado. Prisoes privadas poderia resultar em menor custo e maior eficiencia. Estas medidas irao ser impopular com os sindicalistas. Os liberais terao preocupacoes eticas sobre a lucrar com o encarceramento, mas continua a ser satisfeito se a despesa e alta o suficiente para promover a reabilitacao.",,20,3,7,3,LAWANDORDER,80,1520,"CrimeRate,0.1+(0.9*x)",5,0,0,,#Effects,"CrimeRate,0.00-(0.07*x)","Liberal,-0.05+(x^2)*0.11","Conservatives,0.00+(0.12*x)",,"Unemployment,0-(0.02*x)","Capitalist,0+(0.11*x)","TradeUnionist,-0.06-(0.06*x)",,,,
#,JunkFoodTax,Taxa de Comida de Baixo Valor Nutritivo,junkfood,"A taxa de imposto punitivo cobrado sobre alimentos pouco saudaveis​​, como hamburgueres para viagem, refrigerantes e alto teor de acucar ou alimentos teor de gordura pre-processado. Incidente com o objectivo de melhorar a saude da nacao, mas pode ser impopular.",,6,6,4,1,TAX,4,5,,1,23,102,,#Effects,"Health,0.03+(0.06*x),8","Young,-0.02-(0.04*x)","_LowIncome,-0.02-(0.03*x)","PovertyRate,0.02+(0.02*x)",,,,,,,
#,HealthFoodSubsidies,Subsidio para Comida Saudavel ,default,"Um incentivo fiscal que faz com que alimentos saudaveis​​, como frutas e legumes, sejam mais barato do que o produtos com maior teor de gordura ou alimentos mais elevados teor de acucar. Visto como um incentivo para comer bem, em vez de um castigo para comer mal, e, portanto, menos punitiva sobre os pobres do que um 'Taxa de Comida de Baixo Valor Nutritivo'.",,3,6,1,1,TAX,12,90,"Health,0.75+(0.25*x)",1,0,0,,#Effects,"Health,0.03+(0.06*x),8","_LowIncome,0.02+(0.02*x)",,,,,,,,,
#,Tasers,Tasers,tasers,"A arma nao-letal, mas ainda altamente eficaz (e possivelmente perigoso), que da efetivamente criminosos um choque eletrico. Os defensores dizem que e um bom compromisso entre a necessidade de desativar os criminosos violentos e do risco de morte associado com armas de fogo tradicionais. Os opositores afirmam que o uso de tais armas reduz o uso a dificuldade para a policia e vai incentivar o uso mais casual da forca contra a populacao.",,25,6,3,3,LAWANDORDER,200,400,,2,0,0,,#Effects,"Liberal,-0.08-(0.08*x)","CrimeRate,-0.05-(0.05*x)","ViolentCrimeRate,-0.10-(0.05*x)","_security_,0.015+(0.02*x)",,,,,,,
#,PoliceDrones,Robos Policiais,default,"VANTS de reconhecimento,sao semelhantes a aeromodelos que podem ser utilizados pela policia. O olho no ceu e uma maneira util de controlar multidoes e desordeiros, e permite a vigilancia sutil, mas eficaz. A policia ve-lo como uma ferramenta vital para o combate ao crime moderno, mas ha preocupacoes de que este e mais um passo em direcao a uma sociedade da vigilancia estilo BBB, onde todos sao rastreadas.",,16,6,3,3,LAWANDORDER,500,1400,,4,0,0,,#Effects,"Liberal,-0.1-(0.1*x)","CrimeRate,-0.10-(0.05*x)","ViolentCrimeRate,-0.02-(0.05*x)","_security_,0.03+(0.03*x)","_Terrorism,-0.1-(0.03*x)",,,,,,
#,ArtsSubsidies,Subsidio para Artes,artssubsidies,"Investir dinheiro publico nas artes e polemico com os capitalistas que o veem como apoio entretenimento elitista antieconomico, mas outros a veem como vital para a cultura dos paises, aumentando a nossa imagem no cenario mundial, atraindo turistas.",,13,15,3,6,PUBLICSERVICES,50,575,,4,0,0,,#Effects,"Liberal,0.01+(0.08*x)","Capitalist,-0.01-(0.03*x)","ForeignRelations,0+(0.07*x),32","Tourism,0+(0.10*x),24","Education,0+(0.03*x),16","_global_liberalism,-0.01+(0.06*x),16",,,,,
#,HealthcareVouchers,Vales de Saude,default,"A medida visa incentivar o crescimento de cuidados de saude privados, enquanto ainda permitindo a todos o acesso a ele. Vales de saude sao emitidos pelo Estado para todos, mas so pode entao ser gasto no setor privado em saude. Esta e uma abordagem diferente para os cuidados de saude do Estado puro porque com creditos fiscais de saude, os hospitais sao de gestao privada e a equipe de medicos nao sao funcionarios publicos.",,13,14,7,10,PUBLICSERVICES,2000,15000,"_default_,0.6;TobaccoUse,0+(0.1*x);AlcoholConsumption,0+(0.2*x);Environment,0.2-(0.1*x);Alcoholism,0.1+(0.1*x)",1,0,0,,#Effects,"_LowIncome,0+(0.17*x)","_MiddleIncome,0+(0.08*x)","Equality,0+(0.1*x),8","_global_socialism,-0.01-(0.12*x),8","PrivateHealthcare,0+(0.6*x),2",,,,,,
#,HealthTaxCredits,Isencao Fiscal Para Saude,default,"Um sistema de reducoes fiscais e creditos destinados a incentivar as pessoas a gastar seu dinheiro em cuidados de saude privado, a fim de reduzir a sua responsabilidade fiscal. Isto aumenta a saude sem envolver o estado de execucao hospitais ou empregar medicos, mas o seu efeito e limitado a essas pessoas na sociedade que ganham o suficiente para pagar imposto no primeiro lugar.",,20,16,8,8,TAX,1000,8000,"_default_,0.6;TobaccoUse,0+(0.1*x);AlcoholConsumption,0+(0.2*x);Environment,0.2-(0.1*x);Alcoholism,0.1+(0.1*x)",1,0,0,,#Effects,"PrivateHealthcare,0+(0.3*x),2","_MiddleIncome,0+(0.08*x)","_HighIncome,0+(0.06*x)","Wealthy,0.02+(0.06*x)","MiddleIncome,0.04+(0.06*x)","Socialist,-0.01-(0.05*x)","Poor,-0.01-(0.05*x)","Capitalist,0.02+(0.04*x)",,,
#,SchoolTaxCredits,Isencao Fiscal Para Escola,default,"Um sistema de reducoes fiscais e creditos destinados a incentivar as pessoas a gastar seu dinheiro em educacao privada, a fim de reduzir a sua responsabilidade fiscal. Isso aumenta o ensino privado sem envolver o Estado em execucao escolas ou empregar professores, mas o seu efeito e limitado a essas pessoas na sociedade que ganham o suficiente para pagar imposto no primeiro lugar.",,19,15,8,8,TAX,200,5000,,1,0,0,,#Effects,"PrivateSchools,0+(0.4*x),2","_MiddleIncome,0+(0.08*x)","_HighIncome,0+(0.06*x)","Wealthy,0.02+(0.06*x)","MiddleIncome,0.04+(0.06*x)","Socialist,-0.01-(0.05*x)","Poor,-0.01-(0.05*x)","Capitalist,0.02+(0.04*x)",,,
#,FoodStamps,Vale Refeicao,default,"Vale-refeicao e um sistema onde o Estado vai emitir titulos ou selos para os cidadaos em baixa ou nenhuma renda, para garantir que eles sao capazes de pagar alimentos. Ao contrario de dar um beneficio em dinheiro diretamente, vale-refeicao so podem ser trocados por alimentos crus, impedindo-os de ser usado para o alimento para viagem insalubre. Apoiadores veem o vale-refeicao como uma forma valiosa para garantir ninguem passe fome, nao importa sua renda. Os criticos consideram esse tipo de regime paternalista, e nao mais de remendar sobre as rachaduras causadas por falha de mercado livre e os baixos salarios.",,4,24,4,10,WELFARE,250,4000,"Poor_perc,0+(1.0*x)",1,0,0,,#Effects,"Health,0.01+(0.02*x),8","_LowIncome,0.03+(0.012*x)","Poor,0.04+(0.15*x)","PovertyRate,-0.03-(0.12*x)","Socialist,0.02+0.08*x)","Farmers_income,0+(0.03*x)","Farmers,0+(0.03*x)","Equality,0.02+(0.08*x)",,,
#,FoodStandards,Agencia de Padronizacao de Alimentos,default,"A Agencia de Padronizacao de Alimentos e um ramo do governo dedicado a garantir a seguranca e padroes nutricionais minimas de alimento fornecido no pais. Os agricultores podem considerar a agencia como uma camada extra de burocracia e intromissao, mas os ativistas de saude publica ve a agencia como uma linha essencial de defesa entre os produtores e consumidores de alimentos sem escrupulos que procuram cortar custos.",,7,10,2,2,PUBLICSERVICES,22,65,,4,0,0,,#Effects,"Farmers,-0.02-(0.04*x)","Liberal,0.01+(0.04*x)","Health,0.01+(0.03*x),12","Obesity,-0.01-(0.02*x),4",,,,,,,
#,EnterpriseInvestmentScheme,Esquema de Investimento Empresarial,default,"O regime de investimento da empresa e um sistema que da incentivos fiscais para individuos ricos que investem seu dinheiro em pequenas empresas iniciantes que sao baseados no pais. O esquema incentiva o investimento em empresas que devem eventualmente crescer e estimular a economia, ao mesmo tempo que da um incentivo fiscal popular para pessoas que investem nelas. Obviamente indiretamente, o esquema esta sendo subsidiado por aqueles sem poupanca para investir.",,7,10,6,6,TAX,120,2000,"GDP,0.25+(0.75*x)",1,0,0,,#Effects,"SelfEmployed,0.10+(0.2*x)","GDP,0.01+(0.05*x),16","Capitalist,0+(0.05*x)","_global_socialism,-0.04-(0.06*x),12","SelfEmployed_freq,0.02+(0.06*x),4","SelfEmployed_income,0.01+(0.09*x)","_HighIncome,0+(0.12*x)",,,,
#,RecreationalDrugsTax,Taxa para Drogas Recreacionais,default,"Nas sociedades que legalizaram as drogas, como Cannabis e Maconha, ha uma tentacao de tratar o consumo destas drogas como uma fonte de receita do governo, dadas as alegacoes de que o seu consumo deve ser educadamente desanimado devido aos efeitos negativos sobre a saude dos cidadaos, numa forma semelhante aos governos fiscalidade sobre o alcool ou o tabaco.",,8,8,5,5,TAX,0,0,,1,0,5200,"LegalDrugConsumption,0+(1.0*x)",#Effects,"Young,0-(0.08*x)","Poor,0-(0.05*x)","PovertyRate,0+(0.06*x)","LegalDrugConsumption,-0.1*(x^2))",,,,,,,
